{"cameraMode":{"drawMode":0,"name":"Shaded","section":"Shading Mode"},"sceneLighting":false,"audioPlay":false,"sceneViewState":{"showFog":false,"showMaterialUpdate":false,"showSkybox":false,"showFlares":false,"showImageEffects":false,"showParticleSystems":true},"in2DMode":false,"pivot":{"x":-38.81291198730469,"y":-30.375152587890626,"z":67.89936828613281},"rotation":{"x":0.1703292280435562,"y":-0.3339965343475342,"z":0.06151192635297775,"w":0.9250138401985169},"size":106.28140258789063,"orthographic":false}